"03152099999,""55.86149"",""-3.87542"",""277"",""SALSBURGH"",""UNITED KINGDOM"",""2021"",""2021"",""1"",""2"""
"03152099999,""55.867"",""-3.867"",""275"",""SALSBURGH"",""UNITED KINGDOM"",""1973"",""1999"",""27"",""12"""
"03927099999,""54.6666666"",""-5.6666666"",""11"",""BANGOR HARBOUR"",""UNITED KINGDOM"",""1992"",""2007"",""16"",""12"""
"03927099999,""54.66865"",""-5.74847"",""43"",""HELENS BAY"",""UNITED KINGDOM"",""2021"",""2021"",""1"",""2"""
"07088134064,""49.233"",""5.683"",""237.1"",""ETAIN"",""FRANCE"",""1957"",""1961"",""2"",""12"""
"07088134064,""49.23333"",""5.68333"",""237.1"",""ETAIN"",""FRANCE"",""1954"",""1966"",""11"",""12"""
"11933099999,""48.9333333"",""22"",""177"",""KAMENICA NAD CIROCHOU"",""SLOVAKIA"",""1978"",""2020"",""34"",""12"""
"11933099999,""49.1166666"",""20.0833333"",""1356"",""STRBSKE PLESO"",""SLOVAKIA"",""2021"",""2021"",""1"",""8"""
"12406099999,""51.55"",""15.583"",""39"",""SZPROTAWA"",""POLAND"",""1940"",""1943"",""2"",""12"""
"12406099999,""51.560972"",""15.585056"",""128.02"",""SZPROTAWA WIECHLICE"",""POLAND"",""2019"",""2019"",""1"",""1"""
"12920099999,""46.733"",""17.233"",""113"",""KESZTHELY"",""HUNGARY"",""1952"",""1956"",""5"",""12"""
"12920099999,""46.73556"",""17.23861"",""110.7"",""KESZTHELY"",""HUNGARY"",""1973"",""2021"",""31"",""12"""
"13610099999,""42.0333333"",""20.4166666"",""354"",""KUKES"",""ALBANIA"",""1979"",""2020"",""23"",""12"""
"13610099999,""42.03413"",""20.41531"",""354"",""KUKES INTERNATIONIONAL AIRPORT"",""ALBANIA"",""2021"",""2021"",""1"",""8"""
"26781099999,""54.75"",""32.0666666"",""239"",""SMOLENSK"",""BELARUS"",""1949"",""2004"",""54"",""12"""
"26781099999,""54.75"",""32.0666666"",""239"",""SMOLENSK"",""RUSSIA"",""1995"",""2021"",""18"",""12"""
"27760099999,""54.118056"",""45.2025"",""216"",""SARANSK AIRPORT"",""RUSSIA"",""2021"",""2021"",""1"",""8"""
"27760099999,""54.1333333"",""45.2333333"",""201"",""SARANSK"",""RUSSIA"",""1959"",""2020"",""26"",""12"""
"28688099999,""54.9"",""71.25"",""125"",""ISIL KUL"",""KAZAKHSTAN"",""1948"",""2004"",""50"",""12"""
"28688099999,""54.9"",""71.25"",""125"",""ISIL KUL"",""RUSSIA"",""1995"",""2018"",""15"",""12"""
"28756099999,""54.4666666"",""64.8666666"",""117"",""ZVERINOGOLOVSKOE"",""KAZAKHSTAN"",""1969"",""2004"",""4"",""12"""
"28756099999,""54.4666666"",""64.8666666"",""117"",""ZVERINOGOLOVSKOE"",""RUSSIA"",""1973"",""2018"",""42"",""12"""
"28786099999,""54.3666666"",""71.75"",""125"",""POLTAVKA"",""KAZAKHSTAN"",""1953"",""2004"",""41"",""12"""
"28786099999,""54.3666666"",""71.75"",""125"",""POLTAVKA"",""RUSSIA"",""1995"",""2021"",""18"",""12"""
"34731099999,""47.25"",""39.8166666"",""78"",""ROSTOV NA DONU"",""GEORGIA"",""1936"",""2004"",""56"",""12"""
"34731099999,""47.25"",""39.8166666"",""78"",""ROSTOV NA DONU"",""RUSSIA"",""1995"",""1995"",""1"",""12"""
"34858099999,""45.9166666"",""43.35"",""87"",""DIVNOE"",""GEORGIA"",""1936"",""2004"",""38"",""12"""
"34858099999,""45.916667"",""43.35"",""87"",""DIVNOE"",""RUSSIA"",""1995"",""2021"",""18"",""12"""
"34929099999,""45.0333333"",""39.15"",""34"",""KRASNODAR"",""RUSSIA"",""1973"",""2021"",""48"",""12"""
"34929099999,""45.034689"",""39.170539"",""35.96"",""PASHKOVSKIY"",""RUSSIA"",""1933"",""2004"",""30"",""12"""
"35358099999,""49.6333333"",""63.5"",NULL,""TORGAI"",""KAZAKHSTAN"",""1934"",""2004"",""21"",""12"""
"35358099999,""49.634722"",""63.482222"",""132.83"",""TORGAI"",""KAZAKHSTAN"",""1973"",""2021"",""41"",""12"""
"35576099999,""48.3"",""69.65"",""361.1"",""KZYLZHAR"",""KAZAKHSTAN"",""1973"",""2021"",""41"",""12"""
"35576099999,""48.3"",""69.65"",NULL,""KYZYLZHAR"",""KAZAKHSTAN"",""1957"",""2004"",""11"",""12"""
"35687099999,""47.5166667"",""70.9"",""471"",""KOKTAS"",""KAZAKHSTAN"",""1959"",""1990"",""24"",""12"""
"35687099999,""47.99835"",""70.770658"",""458"",""KARAZHAL"",""KAZAKHSTAN"",""2005"",""2021"",""7"",""12"""
"36038099999,""51.15"",""82.2"",""355"",""ZMEINOGORSK"",""KAZAKHSTAN"",""1955"",""2004"",""41"",""12"""
"36038099999,""51.15"",""82.2"",""355"",""ZMEINOGORSK"",""RUSSIA"",""1995"",""2021"",""18"",""12"""
"36442099999,""49.733"",""86.55"",""1800"",""KATUN"",""KAZAKHSTAN"",""1963"",""1971"",""4"",""12"""
"36442099999,""49.733"",""86.55"",""1800"",""KATUN"",""RUSSIA"",""1973"",""1994"",""22"",""12"""
"36773099999,""45.85"",""78.717"",""412"",""MATAJ"",""KAZAKHSTAN"",""1959"",""1990"",""23"",""12"""
"36773099999,""45.900278"",""78.711111"",""409.6"",""MATAI"",""KAZAKHSTAN"",""2018"",""2021"",""4"",""12"""
"37496099999,""41.6"",""41.6333333"",""11"",""BATUMI"",""GEORGIA"",""1957"",""2021"",""8"",""12"""
"37496099999,""41.65"",""41.633"",""-999"",""BOGUS SOVIET"",""RUSSIA"",""1955"",""1964"",""8"",""12"""
"40438099999,""24.709833"",""46.725166"",""634.59"",""RIYADH AB"",""SAUDI ARABIA"",""1958"",""2004"",""11"",""12"""
"40438099999,""24.721944"",""46.724722"",""635.2"",""KING SALMAN AB"",""SAUDI ARABIA"",""1973"",""2021"",""46"",""12"""
"41246099999,""24.4666666"",""56.65"",""2"",""SOHAR MAJIS"",""OMAN"",""1983"",""2021"",""38"",""12"""
"41246099999,""24.4666667"",""56.6333333"",""4"",""SOHAR MAJIS"",""OMAN"",""2004"",""2004"",""1"",""12"""
"41254099999,""23.0666667"",""57.6333333"",""1755"",""SAIQ"",""OMAN"",""1983"",""2020"",""36"",""12"""
"41254099999,""23.0666667"",""57.6333333"",""1981"",""SAIQ"",""OMAN"",""2021"",""2021"",""1"",""5"""
"41508099999,""35.2"",""71.85"",""1369"",""DIR"",""PAKISTAN"",""2021"",""2021"",""1"",""8"""
"41508099999,""35.2"",""71.85"",""1370"",""DIR"",""PAKISTAN"",""1980"",""2020"",""22"",""12"""
"41600099999,""32.5"",""74.5333333"",""250"",""SIALKOT CITY"",""PAKISTAN"",""2021"",""2021"",""1"",""5"""
"41600099999,""32.5"",""74.5333333"",""256"",""SIALKOT"",""PAKISTAN"",""1973"",""2020"",""33"",""12"""
"41640099999,""31.55"",""74.3333333"",""214"",""LAHORE CITY"",""PAKISTAN"",""2021"",""2021"",""1"",""8"""
"41640099999,""31.55"",""74.3333333"",""215"",""LAHORE CITY"",""PAKISTAN"",""1957"",""2020"",""52"",""12"""
"41685099999,""29.8833333"",""69.7166666"",""1097"",""BAR KHAN"",""PAKISTAN"",""2021"",""2021"",""1"",""8"""
"41685099999,""29.8833333"",""69.7166666"",""1098"",""BAR KHAN"",""PAKISTAN"",""1973"",""2020"",""48"",""12"""
"41700099999,""29.4"",""71.7833333"",""112"",""BAHAWALPUR CITY"",""PAKISTAN"",""2021"",""2021"",""1"",""8"""
"41700099999,""29.4"",""71.7833333"",""113"",""BAHAWALPUR"",""PAKISTAN"",""1975"",""2020"",""28"",""12"""
"41725099999,""27.6666666"",""68.9"",""67"",""ROHRI"",""PAKISTAN"",""2021"",""2021"",""1"",""5"""
"41725099999,""27.6666666"",""68.9"",""68"",""ROHRI"",""PAKISTAN"",""1973"",""2020"",""32"",""12"""
"41746099999,""26.85"",""68.1333333"",""46"",""PADIDAN"",""PAKISTAN"",""2021"",""2021"",""1"",""5"""
"41746099999,""26.85"",""68.1333333"",""47"",""PADIDAN"",""PAKISTAN"",""1973"",""2020"",""33"",""12"""
"41785099999,""24.6333333"",""68.9"",""10"",""BADIN"",""PAKISTAN"",""2021"",""2021"",""1"",""8"""
"41785099999,""24.6333333"",""68.9"",""11"",""BADIN"",""PAKISTAN"",""1973"",""2020"",""29"",""12"""
"42475099999,""25.440064"",""81.733872"",""98.15"",""ALLAHABAD AIRPORT"",""INDIA"",""1942"",""2021"",""47"",""12"""
"42475099999,""25.440575"",""81.735444"",""98.14"",""ALLAHABAD"",""INDIA"",""1943"",""2004"",""7"",""12"""
"47642043313,""35.75"",""139.35"",""139.3"",""FUSSA YOKOTA AB"",""JAPAN"",""1999"",""2021"",""15"",""12"""
"47642043313,""35.75"",""139.35"",""142"",""YOKOTA AB"",""JAPAN"",""2005"",""2012"",""3"",""12"""
"60220099999,""31.399181"",""-9.682992"",""128.02"",""ESSAOUIRA"",""MOROCCO"",""1973"",""2021"",""47"",""12"""
"60220099999,""31.5166666"",""-9.7833333"",""8"",""ESSAOUIRA"",""MOROCCO"",""1965"",""2004"",""4"",""12"""
"64463099999,""-5.5833333"",""14.8166666"",""438"",""EWO"",""CONGO"",""2011"",""2020"",""10"",""12"""
"64463099999,""-0.883"",""14.8166666"",""438"",""EWO"",""CONGO"",""2021"",""2021"",""1"",""5"""
"67346099999,""-26.3"",""32.18"",""100"",""CHANGALANE AUTO"",""MOZAMBIQUE"",""1995"",""2017"",""12"",""12"""
"67346099999,""-26.2833333"",""32.1833333"",""104"",""CHANGALANE"",""MOZAMBIQUE"",""1980"",""2004"",""17"",""12"""
"68054099999,""-21.159597"",""27.474525"",""1000.65"",""FRANCISTOWN"",""BOTSWANA"",""1973"",""2020"",""48"",""12"""
"68054099999,""-21.159136"",""27.468492"",""1010"",""P.G. MATANTE INTERNATIONAL AIRPORT"",""BOTSWANA"",""2021"",""2021"",""1"",""7"""
"68396099999,""-26.529022"",""31.307519"",""632.46"",""MATSAPHA"",""SWAZILAND"",""2004"",""2004"",""1"",""12"""
"68396099999,""-26.529022"",""31.307519"",""633.37"",""MATSAPHA"",""SWAZILAND"",""1979"",""2020"",""35"",""12"""
"70026027502,""71.2834"",""-156.7815"",""9.4"",""BARROW AIRPORT"",""UNITED STATES"",""1973"",""2021"",""48"",""12"""
"70026027502,""71.2834"",""-156.7815"",""9.4"",""BARROW WEATHER SERVICE OFFICE AIRPORT"",""UNITED STATES"",""1945"",""2004"",""29"",""12"""
"70063199999,""57.0666667"",""-135.3666667"",""15"",""ATKA"",""UNITED STATES"",""2004"",""2004"",""1"",""6"""
"70063199999,""60.872389"",""-146.691167"",""18.86"",""TATITLEK"",""UNITED STATES"",""2005"",""2005"",""1"",""12"""
"70063727406,""70.1917"",""-148.4772"",""18.6"",""DEADHORSE"",""UNITED STATES"",""1973"",""2021"",""45"",""12"""
"70063727406,""70.1917"",""-148.4772"",""18.6"",""DEADHORSE AIRPORT"",""UNITED STATES"",""2004"",""2004"",""1"",""12"""
"70133026616,""66.86667"",""-162.63333"",""9.1"",""KOTZEBUE RALPH WEIN MEMORIAL AIRPORT"",""UNITED STATES"",""2004"",""2004"",""1"",""12"""
"70133026616,""66.8667"",""-162.6333"",""9.1"",""KOTZEBUE AIRPORT"",""UNITED STATES"",""1973"",""2021"",""48"",""12"""
"70174026533,""66.9169"",""-151.5154"",""196"",""BETTLES AIRPORT"",""UNITED STATES"",""1945"",""2004"",""8"",""12"""
"70174026533,""66.9175"",""-151.5189"",""193.2"",""BETTLES AIRPORT"",""UNITED STATES"",""1995"",""2021"",""18"",""12"""
"70178026529,""65.175"",""-152.1067"",""67.7"",""TANANA AIRPORT"",""UNITED STATES"",""1973"",""2021"",""48"",""12"""
"70178026529,""65.175"",""-152.1067"",""67.7"",""TANANA CALHOUN MEMORIAL AIRPORT"",""UNITED STATES"",""1943"",""2004"",""4"",""12"""
"70200026617,""64.5111"",""-165.44"",""4"",""NOME AIRPORT"",""UNITED STATES"",""1973"",""2021"",""48"",""12"""
"70200026617,""64.5111"",""-165.44"",""4"",""NOME MUNICIPAL AIRPORT"",""UNITED STATES"",""1940"",""2004"",""8"",""12"""
"70259026523,""60.5797"",""-151.2391"",""27.7"",""KENAI AIRPORT"",""UNITED STATES"",""1973"",""2021"",""48"",""12"""
"70259026523,""60.5797"",""-151.2391"",""27.7"",""KENAI MUNICIPAL AIRPORT"",""UNITED STATES"",""2004"",""2004"",""1"",""12"""
"70274025331,""61.5961"",""-149.0916"",""70.1"",""PALMER AIRPORT"",""UNITED STATES"",""1999"",""2021"",""22"",""12"""
"70274025331,""61.5961"",""-149.0916"",""70.1"",""PALMER MUNICIPAL AIRPORT"",""UNITED STATES"",""2004"",""2004"",""1"",""12"""
"70291026412,""62.9617"",""-141.9878"",""522.1"",""NORTHWAY AIRPORT"",""UNITED STATES"",""1973"",""2021"",""47"",""12"""
"70291026412,""62.9617"",""-141.9378"",""522.1"",""NORTHWAY AIRPORT"",""UNITED STATES"",""1945"",""2004"",""28"",""12"""
"70296026410,""60.4888"",""-145.4511"",""9.4"",""CORDOVA AIRPORT"",""UNITED STATES"",""1973"",""2021"",""48"",""12"""
"70296026410,""60.4888"",""-145.4511"",""9.4"",""CORDOVA M K SMITH AIRPORT"",""UNITED STATES"",""1942"",""2004"",""31"",""12"""
"70308025713,""57.1552"",""-170.2222"",""10.7"",""SAINT PAUL ISLAND AIRPORT"",""UNITED STATES"",""1973"",""2021"",""48"",""12"""
"70308025713,""57.15528"",""-170.22222"",""10.7"",""ST PAUL ISLAND AIRPORT"",""UNITED STATES"",""1943"",""2004"",""29"",""12"""
"70316025624,""55.2207"",""-162.7324"",""23.8"",""COLD BAY AIRPORT"",""UNITED STATES"",""1973"",""2021"",""48"",""12"""
"70316025624,""55.22083"",""-162.7325"",""23.8"",""COLD BAY AIRPORT"",""UNITED STATES"",""1942"",""2004"",""14"",""12"""
"70350025501,""57.7511"",""-152.4855"",""24.4"",""KODIAK AIRPORT"",""UNITED STATES"",""1973"",""2021"",""48"",""12"""
"70350025501,""57.75111"",""-152.48556"",""24.4"",""KODIAK AIRPORT"",""UNITED STATES"",""1945"",""2004"",""29"",""12"""
"70371025333,""57.0481"",""-135.3647"",""4.3"",""SITKA AIRPORT"",""UNITED STATES"",""1973"",""2021"",""48"",""12"""
"70371025333,""57.0481"",""-135.3647"",""14"",""SITKA AIRPORT"",""UNITED STATES"",""2004"",""2004"",""1"",""12"""
"70395025325,""55.35"",""-131.65"",""24.4"",""KETCHIKAN AIRPORT"",""UNITED STATES"",""1973"",""2020"",""46"",""12"""
"70395025325,""55.35956"",""-131.72074"",""24.4"",""KETCHIKAN AIRPORT"",""UNITED STATES"",""1995"",""2021"",""2"",""12"""
"70398025308,""55.0389"",""-131.5787"",""33.2"",""ANNETTE AIRPORT"",""UNITED STATES"",""1973"",""2019"",""46"",""12"""
"70398025308,""55.0389"",""-131.5787"",""33.2"",""ANNETTE WEATHER SERVICE OFFICE AIRPORT"",""UNITED STATES"",""1941"",""2004"",""33"",""12"""
"71043099999,""65.28132"",""-126.79857"",""72.24"",""NORMAN WELLS"",""CANADA"",""1977"",""2021"",""43"",""12"""
"71043099999,""65.281617"",""-126.798219"",""72.54"",""NORMAN WELLS"",""CANADA"",""1945"",""2004"",""7"",""12"""
"71082099999,""82.5"",""-62.3333333"",""31"",""ALERT UA"",""CANADA"",""1977"",""1995"",""2"",""12"""
"71082099999,""82.5"",""-62.3333333"",""65"",""ALERT UA"",""CANADA"",""1950"",""2004"",""33"",""12"""
"71106094234,""49.083"",""-125.767"",""24"",""TOFINO AIRPORT"",""CANADA"",""1960"",""1963"",""4"",""12"""
"71106094234,""49.08333"",""-125.76667"",""24.1"",""TOFINO"",""CANADA"",""1977"",""2021"",""40"",""12"""
"71148099999,""49.1833333"",""-98.9"",""470"",""PILOT MOUND AUT"",""CANADA"",""2004"",""2004"",""1"",""12"""
"71148099999,""49.1833333"",""-98.9"",""471"",""PILOT MOUND AUT"",""CANADA"",""1977"",""2021"",""44"",""12"""
"71317099999,""45.4166666"",""-63.4666666"",""38"",""DEBERT"",""CANADA"",""2004"",""2004"",""1"",""4"""
"71317099999,""45.4166666"",""-63.4666666"",""38.6"",""DEBERT"",""CANADA"",""2005"",""2021"",""17"",""12"""
"71427099999,""49.3166666"",""-67.3811111"",""5.9"",""POINTE DES MONTS QUE"",""CANADA"",""1985"",""2021"",""36"",""12"""
"71427099999,""49.3166666"",""-67.3666666"",""6"",""POINTE DES MONTS QUE"",""CANADA"",""2004"",""2004"",""1"",""12"""
"71512099999,""50.2666666"",""-64.2166666"",""11"",""LONGUE POINTE DE MINGAN QUE"",""CANADA"",""2004"",""2004"",""1"",""12"""
"71512099999,""50.2713888"",""-64.2263888"",""11"",""LONGUE POINTE DE MINGAN QUE"",""CANADA"",""1994"",""2021"",""27"",""12"""
"71618099999,""58.73906"",""-94.06637"",""29.26"",""CHURCHILL"",""CANADA"",""1994"",""2021"",""27"",""12"""
"71618099999,""58.739167"",""-94.065"",""28.65"",""CHURCHILL"",""CANADA"",""2004"",""2004"",""1"",""12"""
"71619099999,""48"",""-65.3166666"",""46"",""NEW CARLISLE 1 QUE"",""CANADA"",""2004"",""2004"",""1"",""12"""
"71619099999,""48.0119444"",""-65.3316666"",""46.4"",""NEW CARLISLE 1 QUE"",""CANADA"",""1994"",""2021"",""27"",""12"""
"71621099999,""44.1166666"",""-77.5333333"",""86.25"",""TRENTON"",""CANADA"",""1982"",""2004"",""22"",""12"""
"71621099999,""44.1166666"",""-77.5333333"",""86.3"",""TRENTON"",""CANADA"",""1995"",""2021"",""17"",""12"""
"71750054802,""48.583"",""-86.3"",""208"",""PUKASKWA"",""CANADA"",""2005"",""2021"",""4"",""12"""
"71750054802,""48.606"",""-86.28655"",""207.9"",""PUKASKWA"",""CANADA"",""2006"",""2020"",""13"",""12"""
"71768099999,""49.5666666"",""-119.65"",""454"",""SUMMERLAND CS BC"",""CANADA"",""2004"",""2004"",""1"",""12"""
"71768099999,""49.566667"",""-119.65"",""454.2"",""SUMMERLAND CS BC"",""CANADA"",""1995"",""2021"",""26"",""12"""
"71843099999,""49.8"",""-97.1333333"",""227"",""WINNIPEG UA MAN"",""CANADA"",""2005"",""2013"",""9"",""12"""
"71843099999,""49.8833333"",""-97.1333333"",""227"",""WINNIPEG UA MAN"",""CANADA"",""2003"",""2004"",""2"",""12"""
"71899025343,""54.25"",""-133.05"",""41"",""LANGARA"",""CANADA"",""2021"",""2021"",""1"",""8"""
"71899025343,""54.25"",""-133.05"",""41.1"",""LANGARA"",""CANADA"",""1977"",""2020"",""35"",""12"""
"71907099999,""58.4666666"",""-78.0833333"",""25"",""INUKJUAK A UA"",""CANADA"",""1939"",""2004"",""48"",""12"""
"71907099999,""58.4673"",""-78.0787"",""23.1"",""INUKJUAK A UA"",""CANADA"",""1995"",""2021"",""18"",""12"""
"71913099999,""58.7333333"",""-94.0666666"",""29"",""CHURCHILL A UA MAN"",""CANADA"",""1943"",""2004"",""24"",""12"""
"71913099999,""58.7333333"",""-94.05"",""29"",""CHURCHILL A UA MAN"",""CANADA"",""1977"",""2012"",""28"",""12"""
"71948027202,""70.16667"",""-124.68333"",""16.2"",""CAPE PARRY"",""CANADA"",""1957"",""1963"",""7"",""12"""
"71948027202,""70.167"",""-124.7"",""87"",""CAPE PARRY"",""CANADA"",""1977"",""2021"",""40"",""12"""
"72213713878,""31.1522"",""-81.3908"",""4.9"",""BRUNSWICK MALCOLM MCKINNON AIRPORT"",""UNITED STATES"",""2004"",""2004"",""1"",""12"""
"72213713878,""31.1522"",""-81.3908"",""4.9"",""BRUNSWICK MCKINNON AIRPORT"",""UNITED STATES"",""1973"",""2021"",""48"",""12"""
"72219013874,""33.6301"",""-84.4418"",""307.8"",""ATLANTA HARTSFIELD INTERNATIONAL AIRPORT"",""UNITED STATES"",""1973"",""2004"",""31"",""12"""
"72219013874,""33.6301"",""-84.4418"",""307.8"",""ATLANTA HARTSFIELD JACKSON INTERNATIONAL AIRPORT"",""UNITED STATES"",""1995"",""2021"",""18"",""12"""
"72221513884,""30.77972"",""-86.5225"",""57.9"",""CRESTVIEW BOB SIKES AIRPORT"",""UNITED STATES"",""1973"",""2020"",""48"",""12"""
"72221513884,""30.7833"",""-86.5167"",""57.9"",""CRESTVIEW FAA AP"",""UNITED STATES"",""2021"",""2021"",""1"",""8"""
"72222313899,""30.47806"",""-87.18694"",""34.1"",""PENSACOLA REGIONAL AIRPORT"",""UNITED STATES"",""1990"",""2020"",""31"",""12"""
"72222313899,""30.4781"",""-87.1869"",""34.1"",""PENSACOLA REGIONAL AIRPORT"",""UNITED STATES"",""2021"",""2021"",""1"",""8"""
"72223013894,""30.6882"",""-88.24586"",""65.5"",""MOBILE REGIONAL AIRPORT"",""UNITED STATES"",""2021"",""2021"",""1"",""8"""
"72223013894,""30.68833"",""-88.24556"",""65.5"",""MOBILE REGIONAL AIRPORT"",""UNITED STATES"",""1973"",""2020"",""48"",""12"""
"72230053864,""33.1783"",""-86.7816"",""172.2"",""ALABASTER SHELBY CO AIRPORT ASOS"",""UNITED STATES"",""2021"",""2021"",""1"",""8"""
"72230053864,""33.17833"",""-86.78167"",""172.2"",""ALABASTER SHELBY CO AIRPORT"",""UNITED STATES"",""2002"",""2020"",""19"",""12"""
"72235893919,""31.1827"",""-90.4708"",""125.9"",""MCCOMB AIRPORT"",""UNITED STATES"",""1973"",""2021"",""48"",""12"""
"72235893919,""31.1827"",""-90.4708"",""125.9"",""MCCOMB PIKE COUNTY JOHN E LEWIS FIELD AIRPORT"",""UNITED STATES"",""2004"",""2004"",""1"",""12"""
"72248013957,""32.4472"",""-93.8244"",""77.4"",""SHREVEPORT AIRPORT"",""UNITED STATES"",""1995"",""2021"",""18"",""12"""
"72248013957,""32.4472"",""-93.8244"",""77.4"",""SHREVEPORT REGIONAL AIRPORT"",""UNITED STATES"",""1973"",""2004"",""31"",""12"""
"72263023034,""31.3516"",""-100.495"",""584"",""SAN ANGELO MATHIS FIELD AIRPORT"",""UNITED STATES"",""1977"",""2021"",""19"",""12"""
"72263023034,""31.35167"",""-100.495"",""584"",""SAN ANGELO MATHIS FIELD"",""UNITED STATES"",""1948"",""2004"",""55"",""12"""
"72273593026,""31.4583"",""-109.6061"",""1251.2"",""DOUGLAS BISBEE INL AIRPORT"",""UNITED STATES"",""1942"",""2004"",""5"",""12"""
"72273593026,""31.4583"",""-109.6061"",""1251.2"",""DOUGLAS BISBEE INTERNATIONAL AIRPORT"",""UNITED STATES"",""1973"",""2010"",""37"",""12"""
"72304613766,""35.9172"",""-75.7024"",""4"",""MANTEO"",""UNITED STATES"",""2021"",""2021"",""1"",""8"""
"72304613766,""35.9173"",""-75.7"",""4"",""MANTEO AIRPORT"",""UNITED STATES"",""2005"",""2020"",""16"",""12"""
"72309593719,""35.0677"",""-77.048"",""5.8"",""NEW BERN ASOS"",""UNITED STATES"",""1973"",""2021"",""48"",""12"""
"72309593719,""35.0677"",""-77.048"",""5.8"",""NEW BERN CRAVEN CO REGIONAL AIRPORT"",""UNITED STATES"",""2004"",""2004"",""1"",""12"""
"72310013883,""33.9419"",""-81.1181"",""68.6"",""COLUMBIA METROPOLITAN AIRPORT"",""UNITED STATES"",""1942"",""2004"",""5"",""12"""
"72310013883,""33.94228"",""-81.11803"",""68.6"",""COLUMBIA METROPOLITAN AIRPORT"",""UNITED STATES"",""1973"",""2021"",""48"",""12"""
"72312003870,""34.8842"",""-82.2209"",""287.4"",""GRNVL SPART INTERNATIONAL AIRPORT"",""UNITED STATES"",""2004"",""2004"",""1"",""12"""
"72312003870,""34.90611"",""-82.21255"",""291.1"",""GRNVL SPART INTERNATIONAL AIRPORT"",""UNITED STATES"",""1973"",""2021"",""48"",""12"""
"72323003856,""34.64389"",""-86.78611"",""190.2"",""HUNTSVILLE INTERNATIONAL AIRPORT JONES FIELD"",""UNITED STATES"",""1973"",""2004"",""30"",""12"""
"72323003856,""34.6441"",""-86.7869"",""190.2"",""HUNTSVILLE INTNL AIRPORT"",""UNITED STATES"",""1977"",""2021"",""19"",""12"""
"72323513896,""34.7441"",""-87.5997"",""164.6"",""MUSCLE SHOALS AIRPORT"",""UNITED STATES"",""1977"",""2021"",""19"",""12"""
"72323513896,""34.7441"",""-87.5997"",""164.6"",""MUSCLE SHOALS REGIONAL AIRPORT"",""UNITED STATES"",""1973"",""2004"",""30"",""12"""
"72341813977,""33.4536"",""-94.0074"",""110"",""TEXARKANA WEBB FIELD"",""UNITED STATES"",""1946"",""2004"",""48"",""12"""
"72341813977,""33.456"",""-93.98776"",""110"",""TEXARKANA WEBB FIELD"",""UNITED STATES"",""1973"",""2021"",""24"",""12"""
"72341993992,""33.2208"",""-92.8141"",""76.8"",""EL DORADO GOODWIN FIELD"",""UNITED STATES"",""1973"",""2021"",""24"",""12"""
"72341993992,""33.22083"",""-92.81417"",""76.8"",""EL DORADO S AR REGIONAL AIRPORT"",""UNITED STATES"",""1979"",""2004"",""25"",""12"""
"72374023194,""35.0281"",""-110.7208"",""1489.3"",""WINSLOW AIRPORT"",""UNITED STATES"",""1973"",""2021"",""32"",""12"""
"72374023194,""35.0281"",""-110.7208"",""1489.3"",""WINSLOW MUNICIPAL AIRPORT"",""UNITED STATES"",""1987"",""2004"",""17"",""12"""
"72375503103,""35.1441"",""-111.6663"",""2134.5"",""FLAGSTAFF AIRPORT"",""UNITED STATES"",""1977"",""1995"",""11"",""12"""
"72375503103,""35.1441"",""-111.6663"",""2134.5"",""FLAGSTAFF PULLIAM AIRPORT"",""UNITED STATES"",""1948"",""2004"",""20"",""12"""
"72386023169,""36.0719"",""-115.1634"",""664.5"",""LAS VEGAS MCCARRAN INTERNATIONAL AIRPORT"",""UNITED STATES"",""2004"",""2004"",""1"",""12"""
"72386023169,""36.0719"",""-115.1634"",""664.5"",""MCCARRAN INTERNATIONAL AIRPORT"",""UNITED STATES"",""1973"",""2021"",""48"",""12"""
"72410013733,""37.3208"",""-79.2067"",""286.5"",""LYNCHBURG INTERNATIONAL AIRPORT"",""UNITED STATES"",""1973"",""2004"",""30"",""12"""
"72410013733,""37.32126"",""-79.20656"",""286.5"",""LYNCHBURG REGIONAL AIRPORT"",""UNITED STATES"",""1977"",""2021"",""19"",""12"""
"72417013729,""38.8853"",""-79.8528"",""603.2"",""ELKINS RANDOLPH CO AIRPORT"",""UNITED STATES"",""2004"",""2004"",""1"",""12"""
"72417013729,""38.88989"",""-79.85544"",""597.7"",""ELKINS RANDOLPH CO AIRPORT"",""UNITED STATES"",""1973"",""2021"",""48"",""12"""
"72417613736,""39.64278"",""-79.91639"",""378"",""MORGANTOWN HART FIELD"",""UNITED STATES"",""1973"",""2004"",""30"",""12"""
"72417613736,""39.64981"",""-79.9207"",""378"",""MORGANTOWN MUNICIPAL AIRPORT"",""UNITED STATES"",""1977"",""2021"",""19"",""12"""
"72425003860,""38.365"",""-82.555"",""251.2"",""HUNTINGTON TRI STATE AIRPORT"",""UNITED STATES"",""2004"",""2004"",""1"",""12"""
"72425003860,""38.36532"",""-82.55485"",""251.2"",""HUNTINGTON TRI STATE AIRPORT"",""UNITED STATES"",""1973"",""2021"",""48"",""12"""
"72428014821,""39.9907"",""-82.877"",""248.7"",""JOHN GLENN INTERNATIONAL AIRPORT"",""UNITED STATES"",""1977"",""2021"",""19"",""12"""
"72428014821,""39.9907"",""-82.877"",""248.7"",""PORT COLUMBUS INTERNATIONAL AIRPORT"",""UNITED STATES"",""1945"",""2004"",""38"",""12"""
"72429613841,""39.43087"",""-83.77698"",""325.2"",""WILMINGTON AIR PARK"",""UNITED STATES"",""1997"",""2021"",""20"",""12"""
"72429613841,""39.43087"",""-83.77698"",""325.2"",""WILMINGTON AIRBORNE PARK"",""UNITED STATES"",""1943"",""2004"",""27"",""12"""
"72445003945,""38.8169"",""-92.2183"",""272.2"",""COLUMBIA REGIONAL AIRPORT"",""UNITED STATES"",""1973"",""2021"",""33"",""12"""
"72445003945,""38.8169"",""-92.2183"",""272.2"",""COLUMBIA SNOW"",""UNITED STATES"",""2005"",""2020"",""15"",""12"""
"72462023061,""37.4389"",""-105.8613"",""2296.1"",""ALAMOSA BERGMAN FIELD"",""UNITED STATES"",""1973"",""2021"",""37"",""12"""
"72462023061,""37.4389"",""-105.8613"",""2296.1"",""ALAMOSA SAN LUIS VALLEY REGIONAL AIRPORT"",""UNITED STATES"",""1993"",""2004"",""11"",""12"""
"72463523067,""38.0494"",""-103.5122"",""1278.3"",""LA JUNTA MUNICIPAL AIRPORT"",""UNITED STATES"",""1942"",""2004"",""20"",""12"""
"72463523067,""38.04949"",""-103.51335"",""1278.3"",""LA JUNTA MUNICIPAL AIRPORT"",""UNITED STATES"",""1973"",""2021"",""33"",""12"""
"72464093058,""38.28871"",""-104.50569"",""1441.4"",""PUEBLO MEMORIAL AIRPORT"",""UNITED STATES"",""1973"",""2021"",""38"",""12"""
"72464093058,""38.2901"",""-104.4983"",""1438.7"",""PUEBLO MEMORIAL AIRPORT"",""UNITED STATES"",""1942"",""2004"",""41"",""12"""
"72464523070,""37.2622"",""-104.3378"",""1749.9"",""TRINIDAD AIRPORT"",""UNITED STATES"",""1973"",""2021"",""38"",""12"""
"72464523070,""37.26222"",""-104.33778"",""1749.9"",""TRINIDAD PERRY STOKES AIRPORT"",""UNITED STATES"",""1993"",""2004"",""11"",""12"""
"72465023065,""39.3672"",""-101.6932"",""1114.3"",""GOODLAND RENNER FIELD"",""UNITED STATES"",""1973"",""2021"",""48"",""12"""
"72465023065,""39.36722"",""-101.69333"",""1114.3"",""GOODLAND RENNER FIELD"",""UNITED STATES"",""2004"",""2004"",""1"",""12"""
"72469023062,""39.76746"",""-104.86948"",""1610.6"",""DENVER CENTRAL PARK"",""UNITED STATES"",""1995"",""1995"",""1"",""3"""
"72469023062,""39.76746"",""-104.86948"",""1610.6"",""DENVER STAPLETON"",""UNITED STATES"",""1973"",""1994"",""22"",""12"""
"72472393025,""37.613"",""-109.4847"",""1838.6"",""BLANDING"",""UNITED STATES"",""1990"",""1999"",""9"",""12"""
"72472393025,""37.61322"",""-109.48484"",""1839.5"",""BLANDING"",""UNITED STATES"",""1995"",""1995"",""1"",""12"""
"72483023232,""38.5069"",""-121.495"",""4.6"",""SACRAMENTO AIRPORT ASOS"",""UNITED STATES"",""1995"",""2021"",""18"",""12"""
"72483023232,""38.5069"",""-121.495"",""4.6"",""SACRAMENTO EXECUTIVE AIRPORT"",""UNITED STATES"",""1973"",""2004"",""31"",""12"""
"72488023185,""39.4838"",""-119.7711"",""1344.2"",""RENO AIRPORT"",""UNITED STATES"",""1973"",""2021"",""48"",""12"""
"72488023185,""39.4838"",""-119.7711"",""1344.2"",""RENO TAHOE INTERNATIONAL AIRPORT"",""UNITED STATES"",""1943"",""2004"",""19"",""12"""
"72492023237,""37.8891"",""-121.2258"",""7.9"",""STOCKTON AIRPORT"",""UNITED STATES"",""1995"",""2021"",""18"",""12"""
"72492023237,""37.8891"",""-121.2258"",""7.9"",""STOCKTON METROPOLITAN AIRPORT"",""UNITED STATES"",""1941"",""2004"",""37"",""12"""
"72492623258,""37.6241"",""-120.9505"",""22.3"",""MODESTO AIRPORT"",""UNITED STATES"",""1995"",""2021"",""18"",""12"""
"72492623258,""37.6241"",""-120.9505"",""22.3"",""MODESTO CITY CO AIRPORT"",""UNITED STATES"",""1973"",""2004"",""31"",""12"""
"72493023230,""37.72139"",""-122.22083"",""1.8"",""OAKLAND METROPOLITAN INTERNATIONAL AIRPORT"",""UNITED STATES"",""1943"",""2004"",""2"",""12"""
"72493023230,""37.7214"",""-122.2208"",""1.8"",""OAKLAND METROPOLITAN"",""UNITED STATES"",""1973"",""2021"",""44"",""12"""
"72494523293,""37.3591"",""-121.924"",""15.5"",""SAN JOSE"",""UNITED STATES"",""1973"",""2004"",""31"",""12"""
"72494523293,""37.3591"",""-121.924"",""15.5"",""SAN JOSE INTERNATIONAL AIRPORT"",""UNITED STATES"",""1995"",""2021"",""18"",""12"""
"72503014732,""40.7792"",""-73.88"",""3.4"",""LA GUARDIA AIRPORT"",""UNITED STATES"",""2004"",""2004"",""1"",""12"""
"72503014732,""40.77944"",""-73.88035"",""3.4"",""LAGUARDIA AIRPORT"",""UNITED STATES"",""1973"",""2021"",""48"",""12"""
"72503504781,""40.79388"",""-73.10189"",""25.6"",""ISLIP LI MACARTHUR AIRPORT"",""UNITED STATES"",""1973"",""2010"",""37"",""12"""
"72503504781,""40.7939"",""-73.1017"",""25.6"",""ISLIP LI MACARTHUR AIRPORT"",""UNITED STATES"",""2004"",""2004"",""1"",""12"""
"72503794745,""41.06236"",""-73.70463"",""111.9"",""WESTCHESTER CO AIRPORT"",""UNITED STATES"",""1973"",""2021"",""48"",""12"""
"72503794745,""41.06694"",""-73.7075"",""115.5"",""WESTCHESTER CO AIRPORT"",""UNITED STATES"",""2004"",""2004"",""1"",""12"""
"72504094702,""41.1583"",""-73.1289"",""1.5"",""IGOR I SIKORSKY MEMORI AIRPORT"",""UNITED STATES"",""1942"",""2004"",""4"",""12"""
"72504094702,""41.16422"",""-73.12669"",""1.5"",""IGOR I SIKORSKY MEMORIAL AIRPORT"",""UNITED STATES"",""1973"",""2021"",""48"",""12"""
"72512504787,""41.17947"",""-78.89326"",""550.2"",""DUBOIS JEFFERSON CO AIRPORT"",""UNITED STATES"",""1973"",""2020"",""43"",""12"""
"72512504787,""41.17947"",""-78.89326"",""550.2"",""DUBOIS REGIONAL AIRPORT"",""UNITED STATES"",""2021"",""2021"",""1"",""8"""
"72514014778,""41.24295"",""-76.9218"",""158.5"",""WILLIAMSPORT REGIONAL AIRPORT"",""UNITED STATES"",""1977"",""2021"",""19"",""12"""
"72514014778,""41.2433"",""-76.9217"",""158.5"",""WILLIAMSPORT REGIONAL AIRPORT"",""UNITED STATES"",""1973"",""2004"",""30"",""12"""
"72526604751,""41.79835"",""-78.6355"",""652.9"",""BRADFORD REGIONAL AIRPORT"",""UNITED STATES"",""1977"",""2021"",""19"",""12"""
"72526604751,""41.8"",""-78.6333"",""652.9"",""BRADFORD REGIONAL AIRPORT"",""UNITED STATES"",""1973"",""2004"",""30"",""12"""
"72528014733,""42.93997"",""-78.73615"",""218.2"",""BUFFALO NIAGARA INTERNATIONAL"",""UNITED STATES"",""1995"",""2021"",""18"",""12"""
"72528014733,""42.9408"",""-78.7358"",""218.2"",""BUFFALO NIAGARA INTERNATIONAL"",""UNITED STATES"",""1942"",""2004"",""60"",""12"""
"72529014768,""43.1167"",""-77.6767"",""164.3"",""ROCHESTER GREATER INTERNATIONAL"",""UNITED STATES"",""1973"",""2004"",""31"",""12"""
"72529014768,""43.11722"",""-77.67541"",""164.3"",""ROCHESTER GREATER INTERNATIONAL"",""UNITED STATES"",""1995"",""2021"",""18"",""12"""
"72530094846,""41.96019"",""-87.93162"",""201.8"",""CHICAGO OHARE INTERNATIONAL AIRPORT"",""UNITED STATES"",""1973"",""2021"",""48"",""12"""
"72530094846,""41.995"",""-87.9336"",""201.8"",""CHICAGO OHARE INTERNATIONAL AIRPORT"",""UNITED STATES"",""1946"",""2004"",""25"",""12"""
"72532014842,""40.6675"",""-89.6839"",""198.1"",""GENERAL WAYNE A. DOWNING INTERNATIONAL AIRPORT"",""UNITED STATES"",""1995"",""2021"",""18"",""12"""
"72532014842,""40.6675"",""-89.6839"",""198.1"",""PEORIA INTERNATIONAL AIRPORT"",""UNITED STATES"",""1973"",""2004"",""31"",""12"""
"72537714804,""42.6083"",""-82.8183"",""176.8"",""MOUNT CLEMENS ANG BASE"",""UNITED STATES"",""1973"",""2021"",""44"",""12"""
"72537714804,""42.6083"",""-82.8183"",""176.8"",""MOUNT CLEMENS SELFRIDGE FIELD"",""UNITED STATES"",""1937"",""1972"",""36"",""12"""
"72567024032,""42.8783"",""-100.55"",""789.4"",""VALENTINE MILLER FIELD"",""UNITED STATES"",""1948"",""2004"",""32"",""12"""
"72567024032,""42.8783"",""-100.55"",""789.4"",""VALENTINE MILLER FIELD AIRPORT"",""UNITED STATES"",""1995"",""2021"",""17"",""12"""
"72568524019,""42.75"",""-105.38333"",""1464.6"",""DOUGLAS"",""UNITED STATES"",""1979"",""1986"",""8"",""12"""
"72568524019,""42.75"",""-105.383"",""1477"",""DOUGLAS"",""UNITED STATES"",""1977"",""1994"",""10"",""12"""
"72578524145,""43.519"",""-112.0639"",""1442.6"",""IDAHO FALLS FAA AIRPORT"",""UNITED STATES"",""1995"",""2021"",""17"",""12"""
"72578524145,""43.519"",""-112.0639"",""1442.6"",""IDAHO FALLS FANNING FIELD"",""UNITED STATES"",""1973"",""2004"",""31"",""12"""
"72578624151,""42.1884"",""-112.2475"",""1384.7"",""MALAD CITY"",""UNITED STATES"",""1973"",""1999"",""26"",""12"""
"72578624151,""42.18868"",""-112.24863"",""1384.7"",""MALAD CITY"",""UNITED STATES"",""1995"",""2005"",""2"",""12"""
"72584523225,""39.2774"",""-120.7102"",""1608.1"",""BLUE CANYON AIRPORT"",""UNITED STATES"",""1973"",""2004"",""31"",""12"""
"72584523225,""39.2774"",""-120.7102"",""1608.1"",""BLUE CANYON NYACK AIRPORT"",""UNITED STATES"",""1995"",""2021"",""17"",""12"""
"72592024257,""40.5175"",""-122.2986"",""151.5"",""REDDING AIRPORT"",""UNITED STATES"",""1995"",""2021"",""18"",""12"""
"72592024257,""40.5175"",""-122.2986"",""151.5"",""REDDING MUNICIPAL AIRPORT"",""UNITED STATES"",""1991"",""2004"",""13"",""12"""
"72597024225,""42.37505"",""-122.8771"",""400.2"",""MEDFORD INTERNATIONAL AIRPORT"",""UNITED STATES"",""1973"",""2021"",""33"",""12"""
"72597024225,""42.3811"",""-122.8722"",""395.3"",""MEDFORD INTERNATIONAL AIRPORT"",""UNITED STATES"",""1988"",""1997"",""9"",""12"""
"72617014742,""44.4683"",""-73.1499"",""100.6"",""BURLINGTON INTERNATIONAL AIRPORT"",""UNITED STATES"",""1973"",""2021"",""48"",""12"""
"72617014742,""44.4683"",""-73.1499"",""100.6"",""BURLINGTON WEATHER SERVICE OFFICE AIRPORT"",""UNITED STATES"",""1948"",""2004"",""18"",""12"""
"72640014839,""42.95489"",""-87.90457"",""203.3"",""MILWAUKEE MITCHELL AIRPORT"",""UNITED STATES"",""1995"",""2021"",""18"",""12"""
"72640014839,""42.955"",""-87.9044"",""204.2"",""MILWAUKEE MITCHELL INTERNATIONAL AIRPORT"",""UNITED STATES"",""1948"",""2004"",""48"",""12"""
"72643514991,""44.8665"",""-91.4879"",""269.7"",""CHIPPEWA VALLEY REGIONAL AIRPORT"",""UNITED STATES"",""1973"",""2021"",""48"",""12"""
"72643514991,""44.8665"",""-91.4879"",""269.7"",""EAU CLAIRE REGIONAL AIRPORT"",""UNITED STATES"",""2004"",""2004"",""1"",""12"""
"72654614946,""44.90453"",""-97.14963"",""532.8"",""WATERTOWN REGIONAL AIRPORT"",""UNITED STATES"",""1995"",""2021"",""2"",""12"""
"72654614946,""44.9047"",""-97.1494"",""532.8"",""WATERTOWN REGIONAL AIRPORT"",""UNITED STATES"",""1948"",""2020"",""55"",""12"""
"72655014926,""45.5433"",""-94.0513"",""307.5"",""ST CLOUD REGIONAL AIRPORT"",""UNITED STATES"",""2004"",""2004"",""1"",""12"""
"72655014926,""45.5433"",""-94.0513"",""310.3"",""ST. CLOUD REGIONAL AIRPORT"",""UNITED STATES"",""1973"",""2021"",""48"",""12"""
"72655714910,""45.8679"",""-95.3941"",""431.6"",""ALEXANDRIA CHANDLER FIELD"",""UNITED STATES"",""1973"",""2021"",""48"",""12"""
"72655714910,""45.8679"",""-95.3941"",""431.6"",""ALEXANDRIA MUNICIPAL AIRPORT"",""UNITED STATES"",""2004"",""2004"",""1"",""12"""
"72658014922,""44.8831"",""-93.2289"",""265.8"",""MINNEAPOLIS ST PAUL INTERNATIONAL AIRPORT"",""UNITED STATES"",""1945"",""2004"",""21"",""12"""
"72658014922,""44.8831"",""-93.2289"",""265.8"",""MINNEAPOLIS ST. PAUL INTERNATIONAL AIRPORT"",""UNITED STATES"",""1973"",""2021"",""48"",""12"""
"72662024090,""44.0433"",""-103.0536"",""963.2"",""RAPID CITY REGIONAL AIRPORT"",""UNITED STATES"",""2004"",""2004"",""1"",""12"""
"72662024090,""44.04584"",""-103.05443"",""963.2"",""RAPID CITY REGIONAL AIRPORT"",""UNITED STATES"",""1973"",""2021"",""48"",""12"""
"72681024131,""43.5666"",""-116.24055"",""875.4"",""BOISE AIR TERMINAL"",""UNITED STATES"",""1995"",""2021"",""2"",""12"""
"72681024131,""43.5666"",""-116.2405"",""857.7"",""BOISE AIR TERMINAL"",""UNITED STATES"",""1931"",""2020"",""61"",""12"""
"72767094014,""48.1738"",""-103.6366"",""579.7"",""WILLISTON SLOULIN FIELD"",""UNITED STATES"",""1973"",""2019"",""46"",""12"""
"72767094014,""48.1738"",""-103.6366"",""579.7"",""WILLISTON SLOULIN FIELD INTERNATIONAL AIRPORT"",""UNITED STATES"",""2004"",""2004"",""1"",""12"""
"72782594239,""47.3977"",""-120.2013"",""374.6"",""WENATCHEE PANGBORN AIRPORT"",""UNITED STATES"",""2004"",""2004"",""1"",""12"""
"72782594239,""47.3977"",""-120.2013"",""374.6"",""WENATCHEE PANGBORN MEMORIAL AIRPORT"",""UNITED STATES"",""2000"",""2021"",""21"",""12"""
"72782624141,""47.3078"",""-119.5154"",""381.6"",""EPHRATA AIRPORT"",""UNITED STATES"",""1973"",""2010"",""37"",""12"""
"72782624141,""47.3078"",""-119.5154"",""381.6"",""EPHRATA MUNICIPAL AIRPORT"",""UNITED STATES"",""1942"",""2004"",""3"",""12"""
"72783024149,""46.3747"",""-117.0156"",""437.7"",""LEWISTON NEZ PERCE CO AIRPORT"",""UNITED STATES"",""1973"",""2020"",""35"",""12"""
"72783024149,""46.3747"",""-117.0156"",""439.5"",""LEWISTON AIRPORT"",""UNITED STATES"",""1995"",""2021"",""13"",""12"""
"72787399999,""48.5441693"",""-117.8835256"",""575"",""COLVILLE MUNICIPAL AIRPORT"",""UNITED STATES"",""1995"",""2021"",""3"",""12"""
"72787399999,""48.55"",""-117.88"",""572"",""COLVILLE MUNICIPAL"",""UNITED STATES"",""1989"",""2004"",""15"",""12"""
"72792594227,""47.238"",""-123.1408"",""82.6"",""SHELTON AIRPORT"",""UNITED STATES"",""2005"",""2021"",""17"",""12"""
"72792594227,""47.238"",""-123.1408"",""82.6"",""SHELTON SANDERSON FIELD"",""UNITED STATES"",""1999"",""2004"",""6"",""12"""
"72793024233,""47.4444"",""-122.3138"",""112.8"",""SEATTLE TACOMA AIRPORT"",""UNITED STATES"",""1973"",""2021"",""40"",""12"""
"72793024233,""47.4444"",""-122.3138"",""112.8"",""SEATTLE TACOMA INTERNATIONAL AIRPORT"",""UNITED STATES"",""1948"",""2004"",""31"",""12"""
"72797094240,""47.9375"",""-124.555"",""56.4"",""QUILLAYUTE AIRPORT"",""UNITED STATES"",""1973"",""2021"",""40"",""12"""
"72797094240,""47.9375"",""-124.555"",""56.4"",""QUILLAYUTE STATE AIRPORT"",""UNITED STATES"",""1996"",""2004"",""9"",""12"""
"74331253925,""34.05"",""-94.40083"",""108.2"",""DE QUEEN SEVIER CO AIRPORT"",""UNITED STATES"",""2004"",""2004"",""1"",""12"""
"74331253925,""34.0502"",""-94.4008"",""108.2"",""DE QUEEN SEVIER CO AIRPORT"",""UNITED STATES"",""2005"",""2021"",""17"",""12"""
"74394514710,""42.92963"",""-71.43566"",""67.4"",""MANCHESTER AIRPORT"",""UNITED STATES"",""1976"",""2021"",""41"",""12"""
"74394514710,""42.9328"",""-71.4358"",""67.4"",""MANCHESTER AIRPORT"",""UNITED STATES"",""2004"",""2004"",""1"",""12"""
"74486094789,""40.6386"",""-73.7622"",""3.4"",""JFK INTERNATIONAL AIRPORT"",""UNITED STATES"",""2004"",""2004"",""1"",""12"""
"74486094789,""40.63915"",""-73.76401"",""3.4"",""JFK INTERNATIONAL AIRPORT"",""UNITED STATES"",""1973"",""2021"",""48"",""12"""
"74509023244,""37.4058"",""-122.0481"",""11.9"",""MOFFETT FEDERAL AIRFIELD"",""UNITED STATES"",""1973"",""2021"",""44"",""12"""
"74509023244,""37.40583"",""-122.04806"",""11.9"",""MOFFETT FEDERAL AIRFIELD"",""UNITED STATES"",""2004"",""2004"",""1"",""7"""
"74900599999,""52.457"",""1.162"",""52"",""TIBENHAM AIRFIELD"",""UNITED KINGDOM"",""2019"",""2021"",""3"",""12"""
"74900599999,""52.467"",""1.15"",""48"",""TIBENHAM"",""UNITED KINGDOM"",""1944"",""1946"",""3"",""11"""
"76390099999,""25.3666666"",""-101.0166666"",""1790"",""SALTILLO COAH."",""MEXICO"",""1977"",""2021"",""44"",""12"""
"76390099999,""25.549497"",""-100.928669"",""1456.33"",""PLAN DE GUADALUPE INTERNATIONAL"",""MEXICO"",""2004"",""2004"",""1"",""12"""
"76491099999,""23.7333333"",""-99.1333333"",""355"",""CIUDAD VICTORIA TAMPS."",""MEXICO"",""1949"",""2004"",""34"",""12"""
"76491099999,""23.742372"",""-99.169994"",""336"",""CIUDAD VICTORIA TAMPS."",""MEXICO"",""1995"",""2021"",""18"",""12"""
"76773099999,""17.788947"",""-97.771869"",""1606"",""HUAJUAPAN DE LEON OAX"",""MEXICO"",""1979"",""2021"",""39"",""12"""
"76773099999,""17.8"",""-97.7666666"",""1650"",""HUAJUAPAN DE LEON OAX."",""MEXICO"",""2004"",""2004"",""1"",""9"""
"78088012716,""24.05"",""-74.533"",""7"",""COCKBURN SAN SALVAD"",""BAHAMAS"",""1973"",""2020"",""20"",""11"""
"78088012716,""24.063275"",""-74.523967"",""7.3"",""SAN SALVADOR"",""BAHAMAS"",""1995"",""2021"",""2"",""9"""
"78526311641,""18.4325"",""-66.01083"",""2.7"",""SAN JUAN L M MARIN INTERNATIONAL AIRPORT"",""PUERTO RICO"",""1996"",""2004"",""9"",""12"""
"78526311641,""18.4325"",""-66.0108"",""2.7"",""SAN JUAN L M MARIN INTERNATIONAL AIRPORT"",""UNITED STATES"",""2005"",""2009"",""2"",""12"""
"78535011630,""18.255"",""-65.64083"",""10.1"",""ROOSEVELT ROADS"",""UNITED STATES"",""1973"",""2004"",""31"",""12"""
"78535011630,""18.2552"",""-65.6411"",""10.1"",""ROOSEVELT ROADS"",""UNITED STATES"",""1995"",""2021"",""17"",""12"""
"78543011640,""18.3363"",""-64.98"",""6.1"",""CHARLOTTE AMALIE CYRIL E KING AIRPORT"",""UNITED STATES"",""1973"",""2004"",""30"",""12"""
"78543011640,""18.3363"",""-64.98"",""6.1"",""CYRIL E. KING AIRPORT"",""UNITED STATES"",""1977"",""2021"",""19"",""12"""
"78547011624,""17.6997"",""-64.8125"",""18.6"",""CHRISTIANSTED HAMILTON FIELD AIRPORT"",""UNITED STATES"",""1941"",""2004"",""35"",""12"""
"78547011624,""17.6997"",""-64.8125"",""18.6"",""HENRY E. ROHLSEN AIRPORT"",""UNITED STATES"",""1977"",""2010"",""8"",""12"""
"85207099999,""-16.40124"",""-61.0452"",""450"",""SAN IGNACIO DE VELASCO AIRPORT"",""BOLIVIA"",""2021"",""2021"",""1"",""8"""
"85207099999,""-16.3666667"",""-60.95"",""413"",""SAN IGNACIO VELASCO"",""BOLIVIA"",""1958"",""2020"",""47"",""12"""
"91221041419,""14.1717"",""145.2428"",""179.2"",""ROTA AIRPORT"",""GUAM"",""2005"",""2020"",""16"",""12"""
"91221041419,""14.1717"",""145.2428"",""179.2"",""ROTA AIRPORT"",""NORTHERN MARIANA ISLANDS"",""2021"",""2021"",""1"",""8"""
"91275021603,""16.73333"",""-169.53333"",""3"",""JOHNSTON ISLAND"",""JOHNSTON ATOLL"",""1973"",""1999"",""27"",""12"""
"91275021603,""16.73333"",""-169.51667"",""3"",""JOHNSTON ISLAND"",""JOHNSTON ATOLL"",""1945"",""1964"",""14"",""12"""
"91334040505,""7.45"",""151.83333"",""1.5"",""CHUUK WEATHER SERVICE OFFICE AIRPORT"",""MICRONESIA"",""1945"",""2004"",""8"",""12"""
"91334040505,""7.46666"",""151.85"",""1.5"",""CHUUK WEATHER SERVICE OFFICE AIRPORT"",""MICRONESIA"",""1973"",""2021"",""44"",""12"""
"91408040309,""7.33333"",""134.48333"",""32.2"",""KOROR WEATHER SERVICE OFFICE"",""PALAU"",""1947"",""2009"",""39"",""12"""
"91408040309,""7.33674"",""134.47686"",""27.4"",""KOROR"",""PALAU"",""1995"",""1995"",""1"",""12"""
"91723099999,""-9.2"",""-171.9"",""3"",""NUKUNONU AWS"",""TOKELAU"",""2004"",""2004"",""1"",""3"""
"91723099999,""-9.1833333"",""-171.883333"",""3"",""NUKUNONU AWS"",""TOKELAU"",""1994"",""2021"",""14"",""12"""
"94300099999,""-24.8877777"",""113.67"",""4"",""CARNARVON AIRPORT"",""AUSTRALIA"",""1977"",""2021"",""19"",""12"""
"94300099999,""-24.8833333"",""113.6666666"",""8"",""CARNARVON AIRPORT"",""AUSTRALIA"",""1945"",""2004"",""58"",""12"""
"94366099999,""-20.02"",""148.21"",""5.9"",""BOWEN AIRPORT AWS"",""AUSTRALIA"",""1977"",""2021"",""12"",""12"""
"94366099999,""-20.0166666"",""148.2"",""6"",""BOWEN AIRPORT"",""AUSTRALIA"",""1973"",""2004"",""30"",""12"""
"94756099999,""-31.7678"",""150.8418"",""467"",""MURRURUNDI HAYDON STREET"",""AUSTRALIA"",""1995"",""2006"",""3"",""12"""
"94756099999,""-31.7666666"",""150.8333333"",""466"",""MURRURUNDI POST OFFICE"",""AUSTRALIA"",""1990"",""2004"",""14"",""12"""
"94974099999,""-42.2"",""145.1666666"",""20"",""CAPE SORELL"",""AUSTRALIA"",""1948"",""2004"",""20"",""12"""
"94974099999,""-42.1986111"",""145.17"",""19.3"",""CAPE SORELL"",""AUSTRALIA"",""1995"",""2021"",""17"",""12"""
"99774399999,""40.65"",""-74.0666666"",""72"",""ROBBINS REEF"",""UNITED STATES"",""2021"",""2021"",""1"",""8"""
"99774399999,""40.65"",""-74.0666666"",""72"",""ROBINS REEF"",""UNITED STATES"",""2008"",""2020"",""12"",""12"""
"99999903103,""35.1441"",""-111.6663"",""2134.5"",""FLAGSTAFF AIRPORT"",""UNITED STATES"",""1973"",""1976"",""4"",""12"""
"99999903103,""35.1441"",""-111.6663"",""2134.5"",""FLAGSTAFF PULLIAM AIRPORT"",""UNITED STATES"",""1951"",""1972"",""22"",""12"""
"99999911641,""18.4325"",""-66.01083"",""2.7"",""SAN JUAN L M MARIN INTERNATIONAL AIRPORT"",""PUERTO RICO"",""1955"",""1994"",""38"",""12"""
"99999911641,""18.4325"",""-66.0108"",""2.7"",""SAN JUAN L M MARIN INTERNATIONAL AIRPORT"",""UNITED STATES"",""1977"",""1995"",""2"",""12"""
"99999913752,""38.98333"",""-76.46667"",""2.4"",""ANNAPOLIS NAF"",""UNITED STATES"",""1945"",""1962"",""18"",""12"""
"99999913752,""38.9913"",""-76.4891"",""1.8"",""ANNAPOLIS UNITED STATES NAVAL ACADEMY ASOS"",""UNITED STATES"",""2006"",""2021"",""16"",""12"""
"99999914763,""42.42685"",""-73.28907"",""363.9"",""PITTSFIELD MUNICIPAL AIRPORT"",""UNITED STATES"",""2005"",""2005"",""1"",""12"""
"99999914763,""42.42722"",""-73.28917"",""363.9"",""PITTSFIELD MUNICIPAL AIRPORT"",""UNITED STATES"",""1948"",""1954"",""7"",""12"""
"99999923236,""34.933"",""-120.417"",""71"",""SANTA MARIA HANCOCK FIELD"",""UNITED STATES"",""1948"",""1954"",""6"",""12"""
"99999923236,""34.93333"",""-120.41667"",""69.8"",""SANTA MARIA HANCOCK FIELD"",""UNITED STATES"",""1952"",""1952"",""1"",""12"""
"99999926417,""60.23333"",""-146.65"",""56.4"",""CAPE HINCHINBROOK"",""UNITED STATES"",""1964"",""1972"",""9"",""12"""
"99999926417,""60.23734"",""-146.64665"",""56.4"",""CAPE HINCHINBROOK"",""UNITED STATES"",""1973"",""1973"",""1"",""12"""
"99999927516,""71.3213"",""-156.611"",""4.6"",""UTQIA VIK FORMERLY BARROW 4 ENE"",""UNITED STATES"",""2002"",""2020"",""17"",""12"""
"99999927516,""71.3213"",""-156.611"",""4.6"",""UTQIAGVIK FORMERLY BARROW 4 ENE"",""UNITED STATES"",""2004"",""2004"",""1"",""12"""
"99999993719,""35.0677"",""-77.048"",""5.8"",""NEW BERN ASOS"",""UNITED STATES"",""1952"",""1952"",""1"",""12"""
"99999993719,""35.0677"",""-77.048"",""5.8"",""NEW BERN CRAVEN CO REGIONAL AIRPORT"",""UNITED STATES"",""1949"",""1955"",""6"",""12"""
"03797035047,""51.342222"",""1.346111"",""54.3"",""MANSTON"",""UNITED KINGDOM"",""2021"",""2021"",""1"",""5"""
"03797035047,""51.35"",""1.333"",""50"",""MANSTON"",""UNITED KINGDOM"",""1935"",""2020"",""47"",""5"""
"07038034061,""49.017"",""1.217"",""138"",""EVREUX"",""FRANCE"",""1973"",""2020"",""42"",""5"""
"07038034061,""49.028669"",""1.219864"",""141.4"",""EVREUX FAUVILLE"",""FRANCE"",""2021"",""2021"",""1"",""5"""
"07179034051,""48.783"",""5.983"",""286"",""TOUL ROSIERES"",""FRANCE"",""1973"",""2020"",""36"",""5"""
"07179034051,""48.783333"",""5.983333"",""285.9"",""TOUL ROSIERE"",""FRANCE"",""2021"",""2021"",""1"",""5"""
"07354034048,""46.862194"",""1.730667"",""161.2"",""CHATEAUROUX"",""FRANCE"",""2021"",""2021"",""1"",""5"""
"07354034048,""46.867"",""1.717"",""157"",""CHATEAURROUX DEOLS"",""FRANCE"",""1973"",""2020"",""42"",""5"""
"16289034113,""40.88603"",""14.29078"",""89.6"",""NAPLES"",""ITALY"",""2021"",""2021"",""1"",""5"""
"16289034113,""40.9"",""14.3"",""67.1"",""NAPLES"",""ITALY"",""2005"",""2020"",""16"",""5"""
"17099099999,""39.65"",""43.0333333"",""1664.81"",""AGRI"",""TURKEY"",""2021"",""2021"",""1"",""5"""
"17099099999,""39.7333333"",""43.05"",""1632"",""AGRI"",""TURKEY"",""2003"",""2020"",""15"",""5"""
"17350033308,""37"",""35.417"",""66"",""ADANA INCIRLIK"",""TURKEY"",""1973"",""2020"",""42"",""5"""
"17350033308,""37.0021"",""35.425894"",""72.5"",""INCIRLIK"",""TURKEY"",""2021"",""2021"",""1"",""5"""
"37735099999,""40.7166666"",""46.4166666"",""309"",""GANDJA"",""AZERBAIJAN"",""2021"",""2021"",""1"",""5"""
"37735099999,""40.7166666"",""46.4166666"",""311"",""GANDJA"",""AZERBAIJAN"",""1936"",""2020"",""58"",""5"""
"37907099999,""39.59456"",""47.19571"",""363.99"",""FUZULI"",""AZERBAIJAN"",""2021"",""2021"",""1"",""5"""
"37907099999,""39.6"",""47.15"",""439"",""FIZULY"",""AZERBAIJAN"",""1937"",""1993"",""41"",""5"""
"41532099999,""34.3666666"",""73.4833333"",""702"",""MUZAFFAR ABAD"",""PAKISTAN"",""2021"",""2021"",""1"",""5"""
"41532099999,""34.3666666"",""73.4833333"",""2303"",""MUZAFFAR ABAD"",""PAKISTAN"",""1978"",""1979"",""2"",""5"""
"47127043216,""36.966667"",""127.033333"",""15.5"",""PYONGTAEK"",""SOUTH KOREA"",""2021"",""2021"",""1"",""5"""
"47127043216,""36.967"",""127.033"",""16"",""A511 PYEONGTAEK"",""SOUTH KOREA"",""1951"",""2020"",""58"",""5"""
"47141043219,""35.903756"",""126.615906"",""8.8"",""KUNSAN"",""SOUTH KOREA"",""2021"",""2021"",""1"",""5"""
"47141043219,""35.917"",""126.617"",""10"",""KUNSAN AB"",""SOUTH KOREA"",""1951"",""2020"",""65"",""5"""
"47185043263,""33.2"",""126.266667"",""27.1"",""CHEJU DO K 39"",""SOUTH KOREA"",""2021"",""2021"",""1"",""5"""
"47185043263,""33.294"",""126.163"",""71"",""GOSAN"",""SOUTH KOREA"",""1988"",""2020"",""28"",""5"""
"47573043318,""37.95"",""139.117"",""4"",""NIIGATA AIRPORT"",""JAPAN"",""1973"",""2020"",""43"",""5"""
"47573043318,""37.955892"",""139.120717"",""8.8"",""NIIGATA"",""JAPAN"",""2021"",""2021"",""1"",""5"""
"47580044402,""40.7"",""141.36667"",""35.1"",""MISAWA NAVAL AIR STATION"",""JAPAN"",""2005"",""2020"",""16"",""5"""
"47580044402,""40.703222"",""141.368364"",""36.3"",""MISAWA NAVAL AIR STATION"",""JAPAN"",""2021"",""2021"",""1"",""5"""
"47661043321,""35.398272"",""139.909936"",""3"",""KISARAZU"",""JAPAN"",""2021"",""2021"",""1"",""5"""
"47661043321,""35.4"",""139.917"",""6"",""KISARAZU AB"",""JAPAN"",""1973"",""2020"",""43"",""5"""
"47679043319,""35.45"",""139.45"",""50.9"",""ATSUGI"",""JAPAN"",""2005"",""2020"",""16"",""5"""
"47679043319,""35.454611"",""139.450167"",""62.5"",""ATSUGI"",""JAPAN"",""2021"",""2021"",""1"",""5"""
"47971042402,""27.083333"",""142.183333"",""7.9"",""CHICHI JIMA BONIN ISLAND"",""JAPAN"",""2021"",""2021"",""1"",""5"""
"47971042402,""27.092"",""142.191"",""8"",""CHICHIJIMA"",""JAPAN"",""1973"",""2020"",""43"",""5"""
"60320099999,""35.88873"",""-5.34697"",""88"",""CEUTA"",""SPAIN"",""2021"",""2021"",""1"",""5"""
"60320099999,""35.9166666"",""-5.35"",""88"",""CEUTA"",""SPAIN"",""1965"",""2020"",""42"",""5"""
"68155099999,""-23.726046"",""27.687597"",""839"",""LEPHALALE ELLISRAS AIRFIELD"",""SOUTH AFRICA"",""2021"",""2021"",""1"",""5"""
"68155099999,""-23.6833333"",""27.7"",""839"",""ELLISRAS"",""SOUTH AFRICA"",""1997"",""2020"",""24"",""5"""
"68242099999,""-25.798444"",""25.548028"",""1274.36"",""MAFIKENG"",""SOUTH AFRICA"",""1977"",""2020"",""44"",""5"""
"68242099999,""-25.798444"",""25.548028"",""1274.36"",""MMABATHO INTERNATIONAL"",""SOUTH AFRICA"",""2021"",""2021"",""1"",""5"""
"68263099999,""-25.9166667"",""28.2166667"",""1500"",""PRETORIA IRENE"",""SOUTH AFRICA"",""1991"",""2020"",""28"",""5"""
"68263099999,""-25.91098"",""28.21045"",""1500"",""PRETORIA IRENE"",""SOUTH AFRICA"",""2021"",""2021"",""1"",""5"""
"68267299999,""-26.348257"",""27.778303"",""1626"",""JOHANNESBURG BARAGWANATH"",""SOUTH AFRICA"",""2021"",""2021"",""1"",""5"""
"68267299999,""-26.15"",""28"",""1626"",""JOHANNESBURG B G"",""SOUTH AFRICA"",""2005"",""2020"",""16"",""5"""
"68289099999,""-25.499504"",""30.9141"",""883"",""NELSPRUIT"",""SOUTH AFRICA"",""2021"",""2021"",""1"",""5"""
"68289099999,""-25.4333333"",""30.9833333"",""883"",""NELSPRUIT"",""SOUTH AFRICA"",""1998"",""2020"",""23"",""5"""
"68290099999,""-24.368642"",""31.048744"",""531.26"",""HOEDSPRUIT AFB"",""SOUTH AFRICA"",""1997"",""2020"",""17"",""5"""
"68290099999,""-24.358593"",""31.052306"",""531.26"",""HOEDSPRUIT AFB"",""SOUTH AFRICA"",""2021"",""2021"",""1"",""5"""
"68349099999,""-26.32506"",""26.787998"",""1496"",""VENTERSDORP"",""SOUTH AFRICA"",""2021"",""2021"",""1"",""5"""
"68349099999,""-26.32"",""26.82"",""1496"",""VENTERSDORP"",""SOUTH AFRICA"",""1998"",""2020"",""23"",""5"""
"68674099999,""-31.606027"",""29.521721"",""373.98"",""PORT ST JOHNS"",""SOUTH AFRICA"",""2021"",""2021"",""1"",""5"""
"68674099999,""-31.605886"",""29.519786"",""373.98"",""PORT ST JOHNS"",""SOUTH AFRICA"",""1973"",""2020"",""38"",""5"""
"68714099999,""-32.968889"",""18.160278"",""32.91"",""LANGEBAANWEG"",""SOUTH AFRICA"",""1988"",""2020"",""31"",""5"""
"68714099999,""-32.968889"",""18.160278"",""32.91"",""LANGEBAANWEG AFB"",""SOUTH AFRICA"",""2021"",""2021"",""1"",""5"""
"68994099999,""-46.8833333"",""37.8666667"",""22"",""MARION ISLAND"",""SOUTH AFRICA"",""1973"",""2020"",""48"",""5"""
"68994099999,""-46.874973"",""37.8599463"",""22"",""MARION ISLAND"",""SOUTH AFRICA"",""2021"",""2021"",""1"",""5"""
"71051327201,""71.95"",""-124.73333"",""84.1"",""SACHS HARBOUR"",""CANADA"",""2021"",""2021"",""1"",""5"""
"71051327201,""72"",""-125.267"",""86"",""SACHS HARBOUR A"",""CANADA"",""1993"",""2020"",""23"",""5"""
"71749399999,""48.813332"",""-87.099444"",""289.56"",""TERRACE BAY"",""CANADA"",""1982"",""2020"",""29"",""5"""
"71749399999,""48.815316"",""-87.091756"",""288"",""TERRACE BAY AIRPORT"",""CANADA"",""2021"",""2021"",""1"",""5"""
"72057999999,""29.277956"",""-103.687258"",""802"",""LAJITAS INTERNATIONAL AIRPORT"",""UNITED STATES"",""2021"",""2021"",""1"",""5"""
"72057999999,""29.341922"",""-98.8509"",""235"",""CASTROVILLE MUNICIPAL"",""UNITED STATES"",""2008"",""2013"",""6"",""5"""
"72075999999,""46.251"",""-114.125"",""1110.08"",""RAVALLI CO"",""UNITED STATES"",""2019"",""2020"",""2"",""5"""
"72075999999,""46.2546319"",""-114.1246014"",""1111"",""RAVALLI CO AIRPORT"",""UNITED STATES"",""2021"",""2021"",""1"",""5"""
"72224603844,""30.65"",""-86.53333"",""57.9"",""DUKE FIELD AAFB"",""UNITED STATES"",""2021"",""2021"",""1"",""5"""
"72224603844,""30.65"",""-86.517"",""58"",""EGLIN AF AUX NR 3 D"",""UNITED STATES"",""1949"",""2020"",""64"",""5"""
"72244693987,""31.2359"",""-94.7547"",""87.8"",""LUFKIN ANGELINA CO AIRPORT"",""UNITED STATES"",""2021"",""2021"",""1"",""5"""
"72244693987,""31.23611"",""-94.75444"",""87.8"",""LUFKIN ANGELINA CO AIRPORT"",""UNITED STATES"",""1973"",""2020"",""48"",""5"""
"72247003901,""32.38472"",""-94.71167"",""111.3"",""LONGVIEW E TEXAS REGIONAL AIRPORT"",""UNITED STATES"",""1991"",""2020"",""30"",""5"""
"72247003901,""32.39093"",""-94.71397"",""107.3"",""LONGVIEW E TX REGIONAL AIRPORT"",""UNITED STATES"",""2021"",""2021"",""1"",""5"""
"72303793765,""34.73258"",""-76.65659"",""2.4"",""BEAUFORT ASOS"",""UNITED STATES"",""2021"",""2021"",""1"",""5"""
"72303793765,""34.73258"",""-76.65659"",""2.4"",""BEAUFORT MICHAEL J SMITH FIELD"",""UNITED STATES"",""2006"",""2020"",""15"",""5"""
"72387003160,""36.6206"",""-116.0278"",""984.5"",""DESERT ROCK AIRPORT"",""UNITED STATES"",""2021"",""2021"",""1"",""5"""
"72387003160,""36.6206"",""-116.0278"",""984.5"",""MERCURY DESERT ROCK AIRPORT"",""UNITED STATES"",""1978"",""2020"",""39"",""5"""
"72529214976,""41.70916"",""-92.73491"",""307.2"",""GRINNELL"",""UNITED STATES"",""2021"",""2021"",""1"",""5"""
"72529214976,""41.71667"",""-92.7"",""307.2"",""GRINNELL"",""UNITED STATES"",""2006"",""2020"",""15"",""5"""
"72614594705,""44.2035"",""-72.5623"",""343.2"",""BARRE MONTPELIER KNAPP STATE AIRPORT"",""UNITED STATES"",""1973"",""2020"",""48"",""5"""
"72614594705,""44.20498"",""-72.56545"",""343.2"",""MONTPELIER AIRPORT"",""UNITED STATES"",""2021"",""2021"",""1"",""5"""
"78514011603,""18.494861"",""-67.129444"",""72.2"",""BORINQUEN AIRPORT"",""UNITED STATES"",""2021"",""2021"",""1"",""5"""
"78514011603,""18.4977"",""-67.1294"",""66.4"",""BORINQUEN AIRPORT"",""UNITED STATES"",""2006"",""2020"",""15"",""5"""
"78721099999,""14.382369"",""-87.621161"",""628.19"",""SOTO CANO AB"",""HONDURAS"",""2005"",""2020"",""16"",""5"""
"78721099999,""14.3825"",""-87.621111"",""628"",""PALMEROLA INTERNATIONAL"",""HONDURAS"",""2021"",""2021"",""1"",""5"""
"81002010502,""6.498553"",""-58.254119"",""29"",""GEORGETOWN"",""GUYANA"",""2021"",""2021"",""1"",""5"""
"81002010502,""6.5"",""-58.25"",""30"",""TIMEHRI CHEDDI JAGA"",""GUYANA"",""1973"",""2020"",""38"",""5"""
"89009090001,""-90"",""0"",""2830"",""AMUNDSEN SCOTT"",""ANTARCTICA"",""1957"",""2020"",""58"",""5"""
"89009090001,""-90"",""0"",NULL,""AMUNDSEN SCOTT"",""ANTARCTICA"",""2021"",""2021"",""1"",""5"""
"89061089061,""-64.766667"",""-64.083333"",""7.9"",""PALMER STATION"",""ANTARCTICA"",""2021"",""2021"",""1"",""5"""
"89061089061,""-64.766"",""-64.083"",""8"",""PALMER STATION"",""ANTARCTICA"",""1976"",""2020"",""32"",""5"""
"91643080705,""-8.517"",""179.217"",""2"",""FUNAFUTI INTERNATIONAL AIRPORT"",""TUVALU"",""1943"",""2020"",""43"",""5"""
"91643080705,""-8.516667"",""179.216667"",""2.1"",""FUNAFUTI NF"",""TUVALU"",""2021"",""2021"",""1"",""5"""
